key,ref,ref_cite,citation,selection,angle,logj,logj_em,logj_ep,logj_em05,logj_ep95,logj_ul95,use,comments
grus_1,2022ApJ...939...41C,Chiti2022ApJ...939...41C,Chiti et al. 2022,PS19,0.01,15.47464915,0.7594800844,0.8536291081,1.567169482,1.79080464,16.92681649,1,
grus_1,2022ApJ...939...41C,Chiti2022ApJ...939...41C,Chiti et al. 2022,PS19,0.1,16.21579602,0.7121806094,0.7895507471,1.495937896,1.62662488,17.55928419,1,
grus_1,2022ApJ...939...41C,Chiti2022ApJ...939...41C,Chiti et al. 2022,PS19,0.2,16.3630957,0.7114024841,0.7820283593,1.475119539,1.616897331,17.67706587,1,
grus_1,2022ApJ...939...41C,Chiti2022ApJ...939...41C,Chiti et al. 2022,PS19,0.5,16.48857186,0.7086077351,0.7946153991,1.477800101,1.623415066,17.80120533,1,
grus_1,2022ApJ...939...41C,Chiti2022ApJ...939...41C,Chiti et al. 2022,PS19,1,16.53874156,0.7172806852,0.8070259624,1.492528661,1.661003583,17.86503284,1,
crater_2,2020PhRvD.102b3029B,Boddy2020PhRvD.102b3029B,Boddy et al. 2020,PS19,0.01,13.99798292,0.3278720155,0.3813314179,0.616552373,0.7302329969,14.60566817,1,
crater_2,2020PhRvD.102b3029B,Boddy2020PhRvD.102b3029B,Boddy et al. 2020,PS19,0.1,14.89774947,0.2974900283,0.3345710404,0.5686138058,0.6549622398,15.43999605,1,
crater_2,2020PhRvD.102b3029B,Boddy2020PhRvD.102b3029B,Boddy et al. 2020,PS19,0.2,15.12066377,0.2801756812,0.3055595906,0.5406907706,0.6127519443,15.62728626,1,
crater_2,2020PhRvD.102b3029B,Boddy2020PhRvD.102b3029B,Boddy et al. 2020,PS19,0.5,15.34764825,0.2525969111,0.2689490126,0.4895495097,0.5534767463,15.79970272,1,
crater_2,2020PhRvD.102b3029B,Boddy2020PhRvD.102b3029B,Boddy et al. 2020,PS19,1,15.4517312,0.235990968,0.2557507433,0.4547054278,0.5403553284,15.88963425,1,
hydrus_1,2020PhRvD.102b3029B,Boddy2020PhRvD.102b3029B,Boddy et al. 2020,PS19,0.01,17.32254636,0.3337021714,0.3841263121,0.6398778774,0.8263857208,17.98236982,1,
hydrus_1,2020PhRvD.102b3029B,Boddy2020PhRvD.102b3029B,Boddy et al. 2020,PS19,0.1,18.20556558,0.2926411845,0.3085711805,0.5834691932,0.6360787275,18.72206634,1,
hydrus_1,2020PhRvD.102b3029B,Boddy2020PhRvD.102b3029B,Boddy et al. 2020,PS19,0.2,18.41290083,0.2779978794,0.3018070811,0.5578348259,0.6219981473,18.92125992,1,
hydrus_1,2020PhRvD.102b3029B,Boddy2020PhRvD.102b3029B,Boddy et al. 2020,PS19,0.5,18.6406304,0.3040471827,0.3233738053,0.5960700232,0.6676003779,19.1798274,1,
hydrus_1,2020PhRvD.102b3029B,Boddy2020PhRvD.102b3029B,Boddy et al. 2020,PS19,1,18.76816595,0.354975009,0.3707221654,0.6701517215,0.7448401046,19.37242222,1,
sagittarius_2,2020PhRvD.102b3029B,Boddy2020PhRvD.102b3029B,Boddy et al. 2020,PS19,0.01,16.28722571,1.249470007,1.996425816,1.968912206,3.241716867,19.16244352,1,
sagittarius_2,2020PhRvD.102b3029B,Boddy2020PhRvD.102b3029B,Boddy et al. 2020,PS19,0.1,17.06219758,1.103719996,1.613512007,1.790634713,2.783448978,19.46520142,1,
sagittarius_2,2020PhRvD.102b3029B,Boddy2020PhRvD.102b3029B,Boddy et al. 2020,PS19,0.2,17.21864098,1.031342132,1.485303438,1.693960357,2.635543638,19.47943725,1,
sagittarius_2,2020PhRvD.102b3029B,Boddy2020PhRvD.102b3029B,Boddy et al. 2020,PS19,0.5,17.35234272,0.9217667382,1.36415832,1.541979234,2.501953441,19.48376331,1,
sagittarius_2,2020PhRvD.102b3029B,Boddy2020PhRvD.102b3029B,Boddy et al. 2020,PS19,1,17.41169503,0.8632444853,1.309536727,1.455169753,2.443746648,19.48403528,1,
bootes_2,2023ApJ...950..167B,Bruce2023ApJ...950..167B,Bruce et al. 2023,PS19,0.01,17.16409899,1.151406856,0.8891408325,4.818013452,1.750385553,18.61284808,1,
bootes_2,2023ApJ...950..167B,Bruce2023ApJ...950..167B,Bruce et al. 2023,PS19,0.1,17.95137792,1.110423946,0.8285249841,4.842769063,1.613933529,19.29969702,1,
bootes_2,2023ApJ...950..167B,Bruce2023ApJ...950..167B,Bruce et al. 2023,PS19,0.2,18.11562145,1.104078391,0.8216167751,4.866828808,1.601215941,19.44953168,1,
bootes_2,2023ApJ...950..167B,Bruce2023ApJ...950..167B,Bruce et al. 2023,PS19,0.5,18.27843901,1.098364494,0.8432965524,4.928189577,1.635841909,19.63492741,1,
bootes_2,2023ApJ...950..167B,Bruce2023ApJ...950..167B,Bruce et al. 2023,PS19,1,18.3593806,1.104169145,0.8682166397,4.955664979,1.672757812,19.75975537,1,
aquarius_2,2023ApJ...950..167B,Bruce2023ApJ...950..167B,Bruce et al. 2023,PS19,0.01,16.75947239,0.596858697,0.6554405392,1.135720235,1.38028605,17.88886836,1,
aquarius_2,2023ApJ...950..167B,Bruce2023ApJ...950..167B,Bruce et al. 2023,PS19,0.1,17.50835265,0.5378418064,0.5973607855,1.036696363,1.25977465,18.54400122,1,
aquarius_2,2023ApJ...950..167B,Bruce2023ApJ...950..167B,Bruce et al. 2023,PS19,0.2,17.65276971,0.5287267414,0.5936132824,1.020214589,1.248079456,18.67417353,1,
aquarius_2,2023ApJ...950..167B,Bruce2023ApJ...950..167B,Bruce et al. 2023,PS19,0.5,17.78315606,0.541102799,0.5988663584,1.047828925,1.270914068,18.81228098,1,
aquarius_2,2023ApJ...950..167B,Bruce2023ApJ...950..167B,Bruce et al. 2023,PS19,1,17.84738273,0.5681567398,0.610448885,1.077592513,1.294034548,18.90043719,1,
pegasus_4,2023ApJ...942..111C,Cerny2023ApJ...942..111C,Cerny et al. 2023,PS19,0.01,16.97713554,0.7777908027,0.804838763,1.690007766,1.674867993,18.35117536,1,
pegasus_4,2023ApJ...942..111C,Cerny2023ApJ...942..111C,Cerny et al. 2023,PS19,0.1,17.67459656,0.7533233743,0.7625151252,1.6530479,1.578471502,18.95084567,1,
pegasus_4,2023ApJ...942..111C,Cerny2023ApJ...942..111C,Cerny et al. 2023,PS19,0.2,17.81372128,0.764595794,0.7785041663,1.658475236,1.583335782,19.10112764,1,
pegasus_4,2023ApJ...942..111C,Cerny2023ApJ...942..111C,Cerny et al. 2023,PS19,0.5,17.93943695,0.7933755105,0.8087098653,1.718105143,1.627170732,19.28259353,1,
pegasus_4,2023ApJ...942..111C,Cerny2023ApJ...942..111C,Cerny et al. 2023,PS19,1,18.00065778,0.8203053766,0.8302778555,1.753139325,1.675584769,19.37803944,1,
grus_2,2020ApJ...892..137S,Simon2020ApJ...892..137S,Simon et al. 2020,PS19,0.01,13.39490914,2.146255705,1.49486234,3.974120216,2.481715047,15.56736152,1,
grus_2,2020ApJ...892..137S,Simon2020ApJ...892..137S,Simon et al. 2020,PS19,0.1,14.2101241,2.221797873,1.477930204,4.201694563,2.368397918,16.29906688,1,
grus_2,2020ApJ...892..137S,Simon2020ApJ...892..137S,Simon et al. 2020,PS19,0.2,14.3907312,2.26190756,1.473995573,4.338330351,2.323976692,16.45713801,1,
grus_2,2020ApJ...892..137S,Simon2020ApJ...892..137S,Simon et al. 2020,PS19,0.5,14.55362085,2.305564822,1.478237648,4.477820173,2.31273554,16.61517417,1,
grus_2,2020ApJ...892..137S,Simon2020ApJ...892..137S,Simon et al. 2020,PS19,1,14.62324867,2.35917167,1.479905322,4.545010617,2.320324534,16.67719448,1,
tucana_4,2020ApJ...892..137S,Simon2020ApJ...892..137S,Simon et al. 2020,PS19,0.01,17.19381668,0.6173307323,0.6954764836,1.188883304,1.384283313,18.33245719,1,
tucana_4,2020ApJ...892..137S,Simon2020ApJ...892..137S,Simon et al. 2020,PS19,0.1,18.00951979,0.5626530312,0.6203502184,1.088540187,1.279542812,19.04673242,1,
tucana_4,2020ApJ...892..137S,Simon2020ApJ...892..137S,Simon et al. 2020,PS19,0.2,18.18546548,0.5422659954,0.5884284459,1.045260692,1.264962048,19.18906418,1,
tucana_4,2020ApJ...892..137S,Simon2020ApJ...892..137S,Simon et al. 2020,PS19,0.5,18.35516348,0.535794356,0.5919075424,1.025331545,1.262522184,19.36107873,1,
tucana_4,2020ApJ...892..137S,Simon2020ApJ...892..137S,Simon et al. 2020,PS19,1,18.44144387,0.5452239918,0.6070335478,1.044284554,1.275064517,19.47597839,1,
tucana_5,2020ApJ...892..137S,Simon2020ApJ...892..137S,Simon et al. 2020,PS19,0.01,14.80177436,3.573825068,2.543580806,6.424679213,4.46761246,18.54326673,1,
tucana_5,2020ApJ...892..137S,Simon2020ApJ...892..137S,Simon et al. 2020,PS19,0.1,15.48913006,3.681887819,2.528647567,6.82205631,4.431878701,19.20598363,1,
tucana_5,2020ApJ...892..137S,Simon2020ApJ...892..137S,Simon et al. 2020,PS19,0.2,15.61706064,3.735888193,2.53662468,6.939832904,4.395243057,19.34230415,1,
tucana_5,2020ApJ...892..137S,Simon2020ApJ...892..137S,Simon et al. 2020,PS19,0.5,15.75050486,3.833429529,2.555231891,7.070888709,4.384410312,19.49656173,1,
tucana_5,2020ApJ...892..137S,Simon2020ApJ...892..137S,Simon et al. 2020,PS19,1,15.80076672,3.86606394,2.560264833,7.120996579,4.381926088,19.5649252,1,
canes_venatici_1,2019MNRAS.482.3480P,Pace2019MNRAS.482.3480P,Pace & Strigari 2019,PS19,0.1,17.16209591,0.1823935561,0.1911654374,0.3481736364,0.3774664366,17.47400515,1,
canes_venatici_1,2019MNRAS.482.3480P,Pace2019MNRAS.482.3480P,Pace & Strigari 2019,PS19,0.2,17.30764356,0.1539293245,0.1575804674,0.3065181785,0.3206679176,17.47400515,1,
canes_venatici_1,2019MNRAS.482.3480P,Pace2019MNRAS.482.3480P,Pace & Strigari 2019,PS19,0.5,17.42128564,0.1524459087,0.1664882378,0.2999666966,0.3476530408,17.47400515,1,
canes_venatici_1,2019MNRAS.482.3480P,Pace2019MNRAS.482.3480P,Pace & Strigari 2019,PS19,0.231,17.33054354,0.150230522,0.1541873981,0.3002831841,0.3181186018,17.58855553,1,
carina_1,2019MNRAS.482.3480P,Pace2019MNRAS.482.3480P,Pace & Strigari 2019,PS19,0.1,17.53152109,0.1500096304,0.1834814209,0.2730363442,0.3523611643,17.82401539,1,
carina_1,2019MNRAS.482.3480P,Pace2019MNRAS.482.3480P,Pace & Strigari 2019,PS19,0.2,17.69289756,0.1096592959,0.1300703041,0.21078104,0.2629049307,17.90616343,1,
carina_1,2019MNRAS.482.3480P,Pace2019MNRAS.482.3480P,Pace & Strigari 2019,PS19,0.5,17.83091394,0.09157125576,0.09531091522,0.1805036809,0.1947613679,17.99077492,1,
carina_1,2019MNRAS.482.3480P,Pace2019MNRAS.482.3480P,Pace & Strigari 2019,PS19,0.269,17.74759253,0.09781911177,0.1104142696,0.1900208916,0.2278529763,17.93124633,1,
draco_1,2019MNRAS.482.3480P,Pace2019MNRAS.482.3480P,Pace & Strigari 2019,PS19,0.1,18.34501271,0.1314463531,0.1525984332,0.2502566159,0.3290004171,18.60762523,1,
draco_1,2019MNRAS.482.3480P,Pace2019MNRAS.482.3480P,Pace & Strigari 2019,PS19,0.2,18.5795216,0.1199888198,0.1329710174,0.2337020565,0.2745246065,18.8035978,1,
draco_1,2019MNRAS.482.3480P,Pace2019MNRAS.482.3480P,Pace & Strigari 2019,PS19,0.5,18.83080947,0.1186263698,0.1247130724,0.2335927623,0.2599562235,19.04227274,1,
draco_1,2019MNRAS.482.3480P,Pace2019MNRAS.482.3480P,Pace & Strigari 2019,PS19,0.276,18.67833164,0.1168220431,0.1248300421,0.2285009159,0.257719624,18.88980212,1,
fornax_1,2019MNRAS.482.3480P,Pace2019MNRAS.482.3480P,Pace & Strigari 2019,PS19,0.1,17.90948062,0.1362431411,0.1215001064,0.2829953084,0.228893644,18.10099447,1,
fornax_1,2019MNRAS.482.3480P,Pace2019MNRAS.482.3480P,Pace & Strigari 2019,PS19,0.2,18.01875429,0.1164309455,0.110199353,0.2376786263,0.213463132,18.19475057,1,
fornax_1,2019MNRAS.482.3480P,Pace2019MNRAS.482.3480P,Pace & Strigari 2019,PS19,0.5,18.08531806,0.09958312364,0.1006793468,0.1967712875,0.2001443858,18.24881465,1,
fornax_1,2019MNRAS.482.3480P,Pace2019MNRAS.482.3480P,Pace & Strigari 2019,PS19,0.476,18.08328185,0.09998255176,0.1012679224,0.1983291708,0.2007778015,18.24718233,1,
leo_1,2019MNRAS.482.3480P,Pace2019MNRAS.482.3480P,Pace & Strigari 2019,PS19,0.1,17.35994086,0.1106311346,0.1208122268,0.2092691078,0.276726484,17.57344491,1,
leo_1,2019MNRAS.482.3480P,Pace2019MNRAS.482.3480P,Pace & Strigari 2019,PS19,0.2,17.51811787,0.09711344796,0.1014435158,0.1867258513,0.2110098786,17.68870421,1,
leo_1,2019MNRAS.482.3480P,Pace2019MNRAS.482.3480P,Pace & Strigari 2019,PS19,0.5,17.6440631,0.1201368702,0.1357548114,0.2231851629,0.2635614111,17.8652556,1,
leo_1,2019MNRAS.482.3480P,Pace2019MNRAS.482.3480P,Pace & Strigari 2019,PS19,0.13,17.42609136,0.1037171072,0.1084774009,0.1966378505,0.2379896014,17.61515495,1,
leo_2,2019MNRAS.482.3480P,Pace2019MNRAS.482.3480P,Pace & Strigari 2019,PS19,0.1,17.63590594,0.1649525038,0.1830384528,0.3078794174,0.3771367696,17.95066265,1,
leo_2,2019MNRAS.482.3480P,Pace2019MNRAS.482.3480P,Pace & Strigari 2019,PS19,0.2,17.71314376,0.1654902647,0.1839090315,0.3105281181,0.374887286,18.01904639,1,
leo_2,2019MNRAS.482.3480P,Pace2019MNRAS.482.3480P,Pace & Strigari 2019,PS19,0.5,17.75923887,0.1840169202,0.220538139,0.3352978542,0.4546985037,18.13324699,1,
leo_2,2019MNRAS.482.3480P,Pace2019MNRAS.482.3480P,Pace & Strigari 2019,PS19,0.078,17.59859929,0.172256508,0.1920943652,0.3216151953,0.3960716899,17.92388901,1,
sculptor_1,2019MNRAS.482.3480P,Pace2019MNRAS.482.3480P,Pace & Strigari 2019,PS19,0.1,18.3184137,0.1052224717,0.1146089208,0.2026744198,0.2403197198,18.51454391,1,
sculptor_1,2019MNRAS.482.3480P,Pace2019MNRAS.482.3480P,Pace & Strigari 2019,PS19,0.2,18.46646029,0.07503127587,0.08428621552,0.1438665399,0.1811348553,18.61178907,1,
sculptor_1,2019MNRAS.482.3480P,Pace2019MNRAS.482.3480P,Pace & Strigari 2019,PS19,0.5,18.58156413,0.04882412638,0.05247807473,0.09376081818,0.1196822705,18.67463509,1,
sculptor_1,2019MNRAS.482.3480P,Pace2019MNRAS.482.3480P,Pace & Strigari 2019,PS19,0.305,18.52969125,0.05864291523,0.06752195898,0.1115841278,0.150167527,18.64774046,1,
sextans_1,2019MNRAS.482.3480P,Pace2019MNRAS.482.3480P,Pace & Strigari 2019,PS19,0.1,17.36553252,0.2401693668,0.2448783736,0.3929804807,0.4065843192,17.7208677,1,
sextans_1,2019MNRAS.482.3480P,Pace2019MNRAS.482.3480P,Pace & Strigari 2019,PS19,0.2,17.55570451,0.1896044983,0.1949567545,0.3263277558,0.3383295404,17.84639361,1,
sextans_1,2019MNRAS.482.3480P,Pace2019MNRAS.482.3480P,Pace & Strigari 2019,PS19,0.5,17.73070676,0.1194553028,0.1263373785,0.2218570612,0.2456802888,17.93414275,1,
sextans_1,2019MNRAS.482.3480P,Pace2019MNRAS.482.3480P,Pace & Strigari 2019,PS19,0.65,17.76527552,0.1059285454,0.1129792197,0.2013449168,0.2238052739,17.94779066,1,
ursa_minor_1,2019MNRAS.482.3480P,Pace2019MNRAS.482.3480P,Pace & Strigari 2019,PS19,0.1,18.54364947,0.2316505436,0.1804437292,0.4383564059,0.3224137827,18.81938661,1,
ursa_minor_1,2019MNRAS.482.3480P,Pace2019MNRAS.482.3480P,Pace & Strigari 2019,PS19,0.2,18.66488944,0.1743999814,0.1516727263,0.3301394306,0.2853350649,18.90452525,1,
ursa_minor_1,2019MNRAS.482.3480P,Pace2019MNRAS.482.3480P,Pace & Strigari 2019,PS19,0.5,18.75291862,0.1151335929,0.1214402026,0.2260178547,0.2433370413,18.95318411,1,
ursa_minor_1,2019MNRAS.482.3480P,Pace2019MNRAS.482.3480P,Pace & Strigari 2019,PS19,0.409,18.73855998,0.1230680155,0.1275906025,0.2403718069,0.2510536153,18.94691188,1,
aquarius_2,2019MNRAS.482.3480P,Pace2019MNRAS.482.3480P,Pace & Strigari 2019,PS19,0.1,17.99723675,0.5714972322,0.6384431707,1.108507132,1.33279342,19.06322683,,
aquarius_2,2019MNRAS.482.3480P,Pace2019MNRAS.482.3480P,Pace & Strigari 2019,PS19,0.2,18.14178941,0.5699179033,0.6347360321,1.095992661,1.338580138,19.21314346,,
aquarius_2,2019MNRAS.482.3480P,Pace2019MNRAS.482.3480P,Pace & Strigari 2019,PS19,0.5,18.27397589,0.5835558127,0.6561933358,1.113607473,1.369464449,19.36741635,,
aquarius_2,2019MNRAS.482.3480P,Pace2019MNRAS.482.3480P,Pace & Strigari 2019,PS19,0.131,18.0596614,0.5701598801,0.6317462702,1.098648803,1.33153618,19.1282691,,
bootes_1,2019MNRAS.482.3480P,Pace2019MNRAS.482.3480P,Pace & Strigari 2019,PS19,0.1,17.76312171,0.2887271449,0.3058538064,0.5854851799,0.5908238724,18.25531761,1,
bootes_1,2019MNRAS.482.3480P,Pace2019MNRAS.482.3480P,Pace & Strigari 2019,PS19,0.2,17.96483472,0.2764481645,0.2977401227,0.55606379,0.5792097327,18.44605561,1,
bootes_1,2019MNRAS.482.3480P,Pace2019MNRAS.482.3480P,Pace & Strigari 2019,PS19,0.5,18.17112901,0.2906602546,0.3100129892,0.5648345287,0.6220363933,18.69159221,1,
bootes_1,2019MNRAS.482.3480P,Pace2019MNRAS.482.3480P,Pace & Strigari 2019,PS19,0.325,18.08478004,0.277934257,0.297430251,0.5540218853,0.596063913,18.57407541,1,
canes_venatici_2,2019MNRAS.482.3480P,Pace2019MNRAS.482.3480P,Pace & Strigari 2019,PS19,0.1,17.51769079,0.4111084842,0.4296420893,0.8544255095,0.8464405472,18.21692946,1,
canes_venatici_2,2019MNRAS.482.3480P,Pace2019MNRAS.482.3480P,Pace & Strigari 2019,PS19,0.2,17.67668883,0.4292361088,0.4393128871,0.8781511069,0.8628205729,18.3973296,1,
canes_venatici_2,2019MNRAS.482.3480P,Pace2019MNRAS.482.3480P,Pace & Strigari 2019,PS19,0.5,17.81948247,0.4664741762,0.4719111201,0.9288879427,0.938285683,18.59731714,1,
canes_venatici_2,2019MNRAS.482.3480P,Pace2019MNRAS.482.3480P,Pace & Strigari 2019,PS19,0.049,17.31362224,0.4107917626,0.4315783873,0.8621359503,0.8536479378,18.012092,1,
carina_2,2018ApJ...857..145L,Li2018ApJ...857..145L,Li et al. 2018,PS19,0.1,17.87199033,0.5502159744,0.561743961,1.126605111,1.141249026,18.81290831,1,
carina_2,2018ApJ...857..145L,Li2018ApJ...857..145L,Li et al. 2018,PS19,0.2,18.05878271,0.5339781627,0.5487204712,1.093215817,1.110450875,18.97497202,1,
carina_2,2018ApJ...857..145L,Li2018ApJ...857..145L,Li et al. 2018,PS19,0.5,18.24736381,0.5364257634,0.5464649373,1.085275011,1.107822356,19.14842765,1,
carina_2,2018ApJ...857..145L,Li2018ApJ...857..145L,Li et al. 2018,PS19,0.234,18.09493166,0.529570593,0.5451791903,1.096252124,1.104008191,19.00960359,1,
coma_berenices_1,2019MNRAS.482.3480P,Pace2019MNRAS.482.3480P,Pace & Strigari 2019,PS19,0.1,18.59401487,0.3212426954,0.3171183977,0.6728055142,0.6264160833,19.11128299,1,
coma_berenices_1,2019MNRAS.482.3480P,Pace2019MNRAS.482.3480P,Pace & Strigari 2019,PS19,0.2,18.79419171,0.3200685303,0.3196273027,0.6670524578,0.6306831795,19.316285,1,
coma_berenices_1,2019MNRAS.482.3480P,Pace2019MNRAS.482.3480P,Pace & Strigari 2019,PS19,0.5,19.00357582,0.3542822832,0.3575018915,0.7215688112,0.6961845654,19.58024168,1,
coma_berenices_1,2019MNRAS.482.3480P,Pace2019MNRAS.482.3480P,Pace & Strigari 2019,PS19,0.157,18.72697768,0.3171223518,0.3183221219,0.6663706487,0.6244092525,19.24299214,1,
hercules_1,2019MNRAS.482.3480P,Pace2019MNRAS.482.3480P,Pace & Strigari 2019,PS19,0.1,17.1496168,0.5184908175,0.5246793147,1.076980511,1.067772258,18.02393842,1,
hercules_1,2019MNRAS.482.3480P,Pace2019MNRAS.482.3480P,Pace & Strigari 2019,PS19,0.2,17.2715009,0.5190237153,0.5129620755,1.065483951,1.045661518,18.12542175,1,
hercules_1,2019MNRAS.482.3480P,Pace2019MNRAS.482.3480P,Pace & Strigari 2019,PS19,0.5,17.36839607,0.5335161248,0.5329550645,1.096337588,1.057449765,18.26294992,1,
hercules_1,2019MNRAS.482.3480P,Pace2019MNRAS.482.3480P,Pace & Strigari 2019,PS19,0.086,17.11810972,0.5203550358,0.5296253842,1.080718998,1.078625955,17.99978087,1,
horologium_1,2019MNRAS.482.3480P,Pace2019MNRAS.482.3480P,Pace & Strigari 2019,PS19,0.1,18.55692824,0.8681373083,0.8932495145,1.707610802,1.864869627,20.09546823,,
horologium_1,2019MNRAS.482.3480P,Pace2019MNRAS.482.3480P,Pace & Strigari 2019,PS19,0.2,18.6907666,0.8677282967,0.8767148046,1.67966141,1.849677633,20.20530976,,
horologium_1,2019MNRAS.482.3480P,Pace2019MNRAS.482.3480P,Pace & Strigari 2019,PS19,0.5,18.79266942,0.8641966074,0.9043613962,1.669328622,1.870000638,20.31948269,,
horologium_1,2019MNRAS.482.3480P,Pace2019MNRAS.482.3480P,Pace & Strigari 2019,PS19,0.046,18.52049633,0.8669922091,0.8966158442,1.718333492,1.865938691,20.05801964,,
horologium_1,2019MNRAS.482.3480P,Pace2019MNRAS.482.3480P,Pace & Strigari 2019,PS19,0.1,19.00601973,0.6370020056,0.7640699959,1.191302991,1.647228326,20.31963478,1,
horologium_1,2019MNRAS.482.3480P,Pace2019MNRAS.482.3480P,Pace & Strigari 2019,PS19,0.2,19.14037116,0.6560429147,0.764443832,1.247359499,1.662812081,20.45414017,1,
horologium_1,2019MNRAS.482.3480P,Pace2019MNRAS.482.3480P,Pace & Strigari 2019,PS19,0.5,19.27239825,0.7120076507,0.774481246,1.336027493,1.720664137,20.62131562,1,
horologium_1,2019MNRAS.482.3480P,Pace2019MNRAS.482.3480P,Pace & Strigari 2019,PS19,0.084,18.82290046,0.6332431169,0.7704583307,1.163004238,1.626913147,20.13965512,1,
reticulum_2,2019MNRAS.482.3480P,Pace2019MNRAS.482.3480P,Pace & Strigari 2019,PS19,0.1,18.48425706,0.3476380313,0.3628418114,0.6788550557,0.7507121498,19.09365526,,
reticulum_2,2019MNRAS.482.3480P,Pace2019MNRAS.482.3480P,Pace & Strigari 2019,PS19,0.2,18.6754292,0.3385209965,0.3606851495,0.672293834,0.7250620333,19.27689085,,
reticulum_2,2019MNRAS.482.3480P,Pace2019MNRAS.482.3480P,Pace & Strigari 2019,PS19,0.5,18.87889761,0.3728403023,0.3906289301,0.7364226006,0.77766035,19.52159996,,
reticulum_2,2019MNRAS.482.3480P,Pace2019MNRAS.482.3480P,Pace & Strigari 2019,PS19,0.121,18.54272791,0.3467232363,0.3576846416,0.6773778157,0.7363604866,19.14494132,,
reticulum_2,2019MNRAS.482.3480P,Pace2019MNRAS.482.3480P,Pace & Strigari 2019,PS19,0.1,18.54756207,0.3320210517,0.35107565,0.6604732181,0.732890798,19.13542494,1,
reticulum_2,2019MNRAS.482.3480P,Pace2019MNRAS.482.3480P,Pace & Strigari 2019,PS19,0.2,18.74662931,0.3323829386,0.3463643914,0.6629900636,0.7046796921,19.32305512,1,
reticulum_2,2019MNRAS.482.3480P,Pace2019MNRAS.482.3480P,Pace & Strigari 2019,PS19,0.5,18.95903956,0.3735150152,0.3768772331,0.7381733291,0.7464353049,19.57725008,1,
reticulum_2,2019MNRAS.482.3480P,Pace2019MNRAS.482.3480P,Pace & Strigari 2019,PS19,0.121,18.60638808,0.3322501787,0.3482380115,0.6579475082,0.7201465921,19.18656068,1,
segue_1,2019MNRAS.482.3480P,Pace2019MNRAS.482.3480P,Pace & Strigari 2019,PS19,0.1,18.83141172,0.6064711229,0.5177711166,1.786505278,1.023643041,19.66710187,1,
segue_1,2019MNRAS.482.3480P,Pace2019MNRAS.482.3480P,Pace & Strigari 2019,PS19,0.2,18.98104486,0.5776439965,0.492714347,1.735199691,0.9637835838,19.76884851,1,
segue_1,2019MNRAS.482.3480P,Pace2019MNRAS.482.3480P,Pace & Strigari 2019,PS19,0.5,19.12302004,0.5778790641,0.4936425705,1.724425456,0.9545976198,19.92077554,1,
segue_1,2019MNRAS.482.3480P,Pace2019MNRAS.482.3480P,Pace & Strigari 2019,PS19,0.107,18.84780044,0.6024392678,0.514950139,1.782739979,1.013827904,19.67855056,1,
tucana_2,2019MNRAS.482.3480P,Pace2019MNRAS.482.3480P,Pace & Strigari 2019,PS19,0.1,18.40782448,0.5099904809,0.5753883778,0.979529567,1.222146854,19.37758624,1,
tucana_2,2019MNRAS.482.3480P,Pace2019MNRAS.482.3480P,Pace & Strigari 2019,PS19,0.2,18.61743984,0.4997742073,0.5531262692,0.9569576401,1.195267488,19.56241948,1,
tucana_2,2019MNRAS.482.3480P,Pace2019MNRAS.482.3480P,Pace & Strigari 2019,PS19,0.5,18.83501354,0.4990213923,0.5492866015,0.9636312232,1.173752451,19.77316017,1,
tucana_2,2019MNRAS.482.3480P,Pace2019MNRAS.482.3480P,Pace & Strigari 2019,PS19,0.326,18.74308027,0.4940345787,0.5497842423,0.9566573291,1.171171944,19.68186962,1,
tucana_2,2019MNRAS.482.3480P,Pace2019MNRAS.482.3480P,Pace & Strigari 2019,PS19,0.1,18.63045554,0.556291366,0.6085323124,1.057648913,1.311346315,19.6666643,,
tucana_2,2019MNRAS.482.3480P,Pace2019MNRAS.482.3480P,Pace & Strigari 2019,PS19,0.2,18.82129167,0.5385490345,0.5932882082,1.032616033,1.266755745,19.82843442,,
tucana_2,2019MNRAS.482.3480P,Pace2019MNRAS.482.3480P,Pace & Strigari 2019,PS19,0.5,19.01909137,0.5282625834,0.5785973348,1.011996961,1.228979255,19.99957583,,
tucana_2,2019MNRAS.482.3480P,Pace2019MNRAS.482.3480P,Pace & Strigari 2019,PS19,0.232,18.85953854,0.5352229867,0.5887925207,1.026289807,1.264281942,19.85466007,,
ursa_major_1,2019MNRAS.482.3480P,Pace2019MNRAS.482.3480P,Pace & Strigari 2019,PS19,0.1,17.93835615,0.3072338817,0.3368286215,0.6015398152,0.6901294734,18.50263873,1,
ursa_major_1,2019MNRAS.482.3480P,Pace2019MNRAS.482.3480P,Pace & Strigari 2019,PS19,0.2,18.1036114,0.2816781456,0.3014440602,0.5544324049,0.620750756,18.61002962,1,
ursa_major_1,2019MNRAS.482.3480P,Pace2019MNRAS.482.3480P,Pace & Strigari 2019,PS19,0.5,18.25579443,0.2745991403,0.2864101491,0.5406516906,0.6023628644,18.73649539,1,
ursa_major_1,2019MNRAS.482.3480P,Pace2019MNRAS.482.3480P,Pace & Strigari 2019,PS19,0.235,18.13802077,0.2804617134,0.2934954569,0.5498813024,0.6119488781,18.63388989,1,
ursa_major_2,2019MNRAS.482.3480P,Pace2019MNRAS.482.3480P,Pace & Strigari 2019,PS19,0.1,18.9870763,0.4063522884,0.4535388302,0.8109244063,0.9226093605,19.73552625,1,
ursa_major_2,2019MNRAS.482.3480P,Pace2019MNRAS.482.3480P,Pace & Strigari 2019,PS19,0.2,19.20541793,0.3925676575,0.4253878346,0.7893110746,0.880190305,19.9202508,1,
ursa_major_2,2019MNRAS.482.3480P,Pace2019MNRAS.482.3480P,Pace & Strigari 2019,PS19,0.5,19.43880679,0.3910108081,0.4067913344,0.784147141,0.8610058314,20.13999176,1,
ursa_major_2,2019MNRAS.482.3480P,Pace2019MNRAS.482.3480P,Pace & Strigari 2019,PS19,0.327,19.33783407,0.3861212033,0.4131178298,0.7791811232,0.8580837591,20.03791458,1,
willman_1,2019MNRAS.482.3480P,Pace2019MNRAS.482.3480P,Pace & Strigari 2019,PS19,0.1,19.22204878,0.4596001112,0.4694480927,0.9620331902,0.9571107595,19.99580006,1,
willman_1,2019MNRAS.482.3480P,Pace2019MNRAS.482.3480P,Pace & Strigari 2019,PS19,0.2,19.37988676,0.4638793803,0.4656290074,0.9560299326,0.9574194021,20.16199646,1,
willman_1,2019MNRAS.482.3480P,Pace2019MNRAS.482.3480P,Pace & Strigari 2019,PS19,0.5,19.53256778,0.5027372735,0.503255721,1.018763539,1.026399332,20.38216548,1,
willman_1,2019MNRAS.482.3480P,Pace2019MNRAS.482.3480P,Pace & Strigari 2019,PS19,0.056,19.0617594,0.4725135684,0.4875797065,0.971697632,1.000816193,19.86951905,1,
cetus_1,2019MNRAS.482.3480P,Pace2019MNRAS.482.3480P,Pace & Strigari 2019,PS19,0.1,16.20474036,0.1952717033,0.2078768799,0.3816122519,0.4121000026,16.54576002,1,
cetus_1,2019MNRAS.482.3480P,Pace2019MNRAS.482.3480P,Pace & Strigari 2019,PS19,0.2,16.2564338,0.1866404941,0.1947916632,0.3709346528,0.3890120385,16.57895921,1,
cetus_1,2019MNRAS.482.3480P,Pace2019MNRAS.482.3480P,Pace & Strigari 2019,PS19,0.5,16.28272689,0.1898554445,0.198365479,0.3774786335,0.3999881506,16.61040157,1,
cetus_1,2019MNRAS.482.3480P,Pace2019MNRAS.482.3480P,Pace & Strigari 2019,PS19,0.073,16.17090295,0.2074897671,0.2165025471,0.3983778569,0.4308512124,16.52759752,1,
eridanus_2,2019MNRAS.482.3480P,Pace2019MNRAS.482.3480P,Pace & Strigari 2019,PS19,0.1,17.13402144,0.2611764822,0.2927773155,0.5064464923,0.5934246494,17.62142458,1,
eridanus_2,2019MNRAS.482.3480P,Pace2019MNRAS.482.3480P,Pace & Strigari 2019,PS19,0.2,17.22301923,0.2777471958,0.3073776159,0.5378591338,0.6310303749,17.73664287,1,
eridanus_2,2019MNRAS.482.3480P,Pace2019MNRAS.482.3480P,Pace & Strigari 2019,PS19,0.5,17.28205192,0.3058153355,0.3419046913,0.575895634,0.7097877044,17.85896236,1,
eridanus_2,2019MNRAS.482.3480P,Pace2019MNRAS.482.3480P,Pace & Strigari 2019,PS19,0.055,17.02759029,0.2642157458,0.2924117483,0.5115325731,0.6055345044,17.51606226,1,
leo_t,2019MNRAS.482.3480P,Pace2019MNRAS.482.3480P,Pace & Strigari 2019,PS19,0.1,17.34282638,0.4136005005,0.4486381921,0.8248162275,0.9042151256,18.07769952,1,
leo_t,2019MNRAS.482.3480P,Pace2019MNRAS.482.3480P,Pace & Strigari 2019,PS19,0.2,17.42995514,0.4290250809,0.4579653715,0.8445287934,0.9338529602,18.18749208,1,
leo_t,2019MNRAS.482.3480P,Pace2019MNRAS.482.3480P,Pace & Strigari 2019,PS19,0.5,17.48717091,0.449509959,0.4870574262,0.8702255027,0.9779721511,18.28809701,1,
leo_t,2019MNRAS.482.3480P,Pace2019MNRAS.482.3480P,Pace & Strigari 2019,PS19,0.04,17.15895616,0.4089501821,0.4483016349,0.8262556609,0.8951945125,17.89764038,1,
andromeda_1,2019MNRAS.482.3480P,Pace2019MNRAS.482.3480P,Pace & Strigari 2019,PS19,0.1,16.67060946,0.3473746273,0.377344951,0.6822548422,0.7697273622,17.30484817,1,
andromeda_1,2019MNRAS.482.3480P,Pace2019MNRAS.482.3480P,Pace & Strigari 2019,PS19,0.2,16.76085598,0.3518949746,0.379517459,0.6852939925,0.7762960334,17.39035308,1,
andromeda_1,2019MNRAS.482.3480P,Pace2019MNRAS.482.3480P,Pace & Strigari 2019,PS19,0.5,16.81231344,0.3562431383,0.395831232,0.6917693946,0.8013326453,17.46395528,1,
andromeda_1,2019MNRAS.482.3480P,Pace2019MNRAS.482.3480P,Pace & Strigari 2019,PS19,0.11,16.68726529,0.3486033971,0.3752959891,0.6818873051,0.767146337,17.32033794,1,
andromeda_3,2019MNRAS.482.3480P,Pace2019MNRAS.482.3480P,Pace & Strigari 2019,PS19,0.1,16.92194676,0.2711589356,0.2949728853,0.5481093664,0.6036576901,17.4126493,1,
andromeda_3,2019MNRAS.482.3480P,Pace2019MNRAS.482.3480P,Pace & Strigari 2019,PS19,0.2,16.98812615,0.2852922201,0.3073716113,0.5669682494,0.6231079919,17.50592183,1,
andromeda_3,2019MNRAS.482.3480P,Pace2019MNRAS.482.3480P,Pace & Strigari 2019,PS19,0.5,17.02626279,0.3035111849,0.3285305985,0.5862903396,0.6663351293,17.57818975,1,
andromeda_3,2019MNRAS.482.3480P,Pace2019MNRAS.482.3480P,Pace & Strigari 2019,PS19,0.042,16.78354356,0.2726554441,0.2973103352,0.5569527665,0.603659381,17.28157441,1,
andromeda_5,2019MNRAS.482.3480P,Pace2019MNRAS.482.3480P,Pace & Strigari 2019,PS19,0.1,17.10183609,0.2115542394,0.237574407,0.4204774243,0.4802876448,17.49273017,1,
andromeda_5,2019MNRAS.482.3480P,Pace2019MNRAS.482.3480P,Pace & Strigari 2019,PS19,0.2,17.1618455,0.2312106737,0.2549172096,0.4427761032,0.5235808875,17.58935718,1,
andromeda_5,2019MNRAS.482.3480P,Pace2019MNRAS.482.3480P,Pace & Strigari 2019,PS19,0.5,17.19231802,0.2469716234,0.2873869537,0.4658869627,0.5856791232,17.67265233,1,
andromeda_5,2019MNRAS.482.3480P,Pace2019MNRAS.482.3480P,Pace & Strigari 2019,PS19,0.045,16.98832914,0.2131120271,0.2290161633,0.4343916087,0.4695951442,17.36932269,1,
andromeda_7,2019MNRAS.482.3480P,Pace2019MNRAS.482.3480P,Pace & Strigari 2019,PS19,0.1,16.89083539,0.1657223685,0.1738500178,0.3320039637,0.3533339276,17.17684118,1,
andromeda_7,2019MNRAS.482.3480P,Pace2019MNRAS.482.3480P,Pace & Strigari 2019,PS19,0.2,16.95144983,0.153136126,0.1591955324,0.3083817506,0.3255433168,17.21388159,1,
andromeda_7,2019MNRAS.482.3480P,Pace2019MNRAS.482.3480P,Pace & Strigari 2019,PS19,0.5,16.9825375,0.1543620492,0.1624614157,0.3076251642,0.3275165339,17.2514054,1,
andromeda_7,2019MNRAS.482.3480P,Pace2019MNRAS.482.3480P,Pace & Strigari 2019,PS19,0.108,16.89946726,0.1636101172,0.1711093755,0.3296296775,0.3482366203,17.18344196,1,
andromeda_14,2019MNRAS.482.3480P,Pace2019MNRAS.482.3480P,Pace & Strigari 2019,PS19,0.1,15.65435369,0.3628328957,0.3625423845,0.7581534263,0.7281393012,16.25215955,1,
andromeda_14,2019MNRAS.482.3480P,Pace2019MNRAS.482.3480P,Pace & Strigari 2019,PS19,0.2,15.70882672,0.3647393197,0.3738791575,0.7562738571,0.7456108147,16.31605599,1,
andromeda_14,2019MNRAS.482.3480P,Pace2019MNRAS.482.3480P,Pace & Strigari 2019,PS19,0.5,15.74379148,0.3733463279,0.3842391546,0.767026249,0.769023263,16.37035673,1,
andromeda_14,2019MNRAS.482.3480P,Pace2019MNRAS.482.3480P,Pace & Strigari 2019,PS19,0.043,15.52858833,0.3802501648,0.3694943015,0.7730617835,0.7585797005,16.1552911,1,
andromeda_18,2019MNRAS.482.3480P,Pace2019MNRAS.482.3480P,Pace & Strigari 2019,PS19,0.1,16.70193775,0.4293997968,0.4419266489,0.8678116784,0.9515927983,17.4694291,1,
andromeda_18,2019MNRAS.482.3480P,Pace2019MNRAS.482.3480P,Pace & Strigari 2019,PS19,0.2,16.7360068,0.4366657698,0.4610115345,0.8841244739,0.9836882654,17.5237548,1,
andromeda_18,2019MNRAS.482.3480P,Pace2019MNRAS.482.3480P,Pace & Strigari 2019,PS19,0.5,16.75158833,0.4440901041,0.4783421227,0.8897910993,1.014600672,17.56655153,1,
andromeda_18,2019MNRAS.482.3480P,Pace2019MNRAS.482.3480P,Pace & Strigari 2019,PS19,0.025,16.52958014,0.4241421983,0.4381409987,0.8624408368,0.9033172728,17.26563938,1,
carina_3,2018ApJ...857..145L,Li2018ApJ...857..145L,Li et al. 2018,PS19,0.1,19.88793999,0.8660004695,0.996451574,1.570370588,2.228034043,21.65822424,1,
carina_3,2018ApJ...857..145L,Li2018ApJ...857..145L,Li et al. 2018,PS19,0.2,20.05213568,0.8751212761,1.003765251,1.591720539,2.21138528,21.83405294,1,
carina_3,2018ApJ...857..145L,Li2018ApJ...857..145L,Li et al. 2018,PS19,0.5,20.23020047,0.8936648634,1.022551945,1.657233557,2.24165196,22.01456197,1,
carina_3,2018ApJ...857..145L,Li2018ApJ...857..145L,Li et al. 2018,PS19,0.08,19.82500838,0.8656540463,0.9977064206,1.573979617,2.231343623,21.60103262,1,
hydrus_1,2018MNRAS.479.5343K,Koposov2018MNRAS.479.5343K,Koposov et al. 2018,,0.5,18.33,0.34,0.38,,,,,
draco_2,2016JCAP...09..047H,Hutten2016JCAP...09..047H,Hutten et al. 2016,H16,0.5,18.1,3.2,1.6,,,,,
segue_1,2016JCAP...09..047H,Hutten2016JCAP...09..047H,Hutten et al. 2016,H16,0.5,17.2,2.3,1.8,,,,,
ursa_major_2,2016JCAP...09..047H,Hutten2016JCAP...09..047H,Hutten et al. 2016,H16,0.5,19.9,0.6,0.6,,,,,
reticulum_2,2016JCAP...09..047H,Hutten2016JCAP...09..047H,Hutten et al. 2016,H16,0.5,19.5,0.7,1,,,,,
triangulum_2,2016JCAP...09..047H,Hutten2016JCAP...09..047H,Hutten et al. 2016,H16,0.5,20.9,1.2,1.4,,,,,
segue_2,2016JCAP...09..047H,Hutten2016JCAP...09..047H,Hutten et al. 2016,H16,0.5,18.9,1.1,1.1,,,,,
willman_1,2016JCAP...09..047H,Hutten2016JCAP...09..047H,Hutten et al. 2016,H16,0.5,19.5,0.6,1.2,,,,,
coma_berenices_1,2016JCAP...09..047H,Hutten2016JCAP...09..047H,Hutten et al. 2016,H16,0.5,19.6,0.7,0.8,,,,,
tucana_2,2016JCAP...09..047H,Hutten2016JCAP...09..047H,Hutten et al. 2016,H16,0.5,18.6,0.9,0.9,,,,,
ursa_minor_1,2016JCAP...09..047H,Hutten2016JCAP...09..047H,Hutten et al. 2016,H16,0.5,19,0.1,0.1,,,,,
bootes_1,2016JCAP...09..047H,Hutten2016JCAP...09..047H,Hutten et al. 2016,H16,0.5,18.5,0.4,0.7,,,,,
sculptor_1,2016JCAP...09..047H,Hutten2016JCAP...09..047H,Hutten et al. 2016,H16,0.5,18.5,0,0.2,,,,,
horologium_1,2016JCAP...09..047H,Hutten2016JCAP...09..047H,Hutten et al. 2016,H16,0.5,19.8,1,1.5,,,,,
draco_1,2016JCAP...09..047H,Hutten2016JCAP...09..047H,Hutten et al. 2016,H16,0.5,19.1,0.3,0.4,,,,,
sextans_1,2016JCAP...09..047H,Hutten2016JCAP...09..047H,Hutten et al. 2016,H16,0.5,17.6,0.2,0.2,,,,,
ursa_major_1,2016JCAP...09..047H,Hutten2016JCAP...09..047H,Hutten et al. 2016,H16,0.5,18.7,0.4,0.6,,,,,
carina_1,2016JCAP...09..047H,Hutten2016JCAP...09..047H,Hutten et al. 2016,H16,0.5,17.9,0.1,0.2,,,,,
hercules_1,2016JCAP...09..047H,Hutten2016JCAP...09..047H,Hutten et al. 2016,H16,0.5,17.5,0.7,0.7,,,,,
fornax_1,2016JCAP...09..047H,Hutten2016JCAP...09..047H,Hutten et al. 2016,H16,0.5,17.7,0.1,0.1,,,,,
leo_4,2016JCAP...09..047H,Hutten2016JCAP...09..047H,Hutten et al. 2016,H16,0.5,16.2,1.6,1.3,,,,,
canes_venatici_2,2016JCAP...09..047H,Hutten2016JCAP...09..047H,Hutten et al. 2016,H16,0.5,18.5,0.9,1.2,,,,,
leo_5,2016JCAP...09..047H,Hutten2016JCAP...09..047H,Hutten et al. 2016,H16,0.5,16.1,1.1,1.2,,,,,
pisces_2,2016JCAP...09..047H,Hutten2016JCAP...09..047H,Hutten et al. 2016,H16,0.5,16.9,1.7,1.5,,,,,
leo_2,2016JCAP...09..047H,Hutten2016JCAP...09..047H,Hutten et al. 2016,H16,0.5,18,0.2,0.6,,,,,
canes_venatici_1,2016JCAP...09..047H,Hutten2016JCAP...09..047H,Hutten et al. 2016,H16,0.5,17.5,0.2,0.4,,,,,
leo_1,2016JCAP...09..047H,Hutten2016JCAP...09..047H,Hutten et al. 2016,H16,0.5,17.8,0.2,0.5,,,,,
leo_t,2016JCAP...09..047H,Hutten2016JCAP...09..047H,Hutten et al. 2016,H16,0.5,17.6,0.5,1,,,,,
bootes_1,2015ApJ...801...74G,GeringerSameth2015ApJ...801...74G,Geringer-Sameth et al.2015,GS15,0.01,15.97490025,0.5932006836,0.7379999161,1.205699921,1.507699013,17.48259926,,
bootes_1,2015ApJ...801...74G,GeringerSameth2015ApJ...801...74G,Geringer-Sameth et al.2015,GS15,0.1,17.56128689,0.410756034,0.321249634,0.8966212966,0.7001402348,18.26142712,,
bootes_1,2015ApJ...801...74G,GeringerSameth2015ApJ...801...74G,Geringer-Sameth et al.2015,GS15,0.2,17.9304613,0.3596096487,0.3233842474,0.7844567152,0.6437435248,18.57420482,,
bootes_1,2015ApJ...801...74G,GeringerSameth2015ApJ...801...74G,Geringer-Sameth et al.2015,GS15,0.5,18.2353835,0.3667002523,0.3978374134,0.7249466359,0.775391693,19.0107752,,
bootes_1,2015ApJ...801...74G,GeringerSameth2015ApJ...801...74G,Geringer-Sameth et al.2015,GS15,1,18.23559952,0.3666992188,0.3980007172,0.7250003815,0.7755012512,19.01110077,,
bootes_1,2015ApJ...801...74G,GeringerSameth2015ApJ...801...74G,Geringer-Sameth et al.2015,GS15,0,18.23559952,0.3666992188,0.3980007172,0.7250003815,0.7755012512,19.01110077,,
carina_1,2015ApJ...801...74G,GeringerSameth2015ApJ...801...74G,Geringer-Sameth et al.2015,GS15,0.01,16.52389908,0.6464986801,0.4083003998,1.144299507,0.8044013977,17.32830048,,
carina_1,2015ApJ...801...74G,GeringerSameth2015ApJ...801...74G,Geringer-Sameth et al.2015,GS15,0.1,17.46233328,0.1644423225,0.1722477609,0.3213362117,0.4081168501,17.87045013,,
carina_1,2015ApJ...801...74G,GeringerSameth2015ApJ...801...74G,Geringer-Sameth et al.2015,GS15,0.2,17.68324111,0.0857623536,0.1018329889,0.1625394769,0.2623117277,17.94555284,,
carina_1,2015ApJ...801...74G,GeringerSameth2015ApJ...801...74G,Geringer-Sameth et al.2015,GS15,0.5,17.8728764,0.08649452993,0.09649343445,0.1635736094,0.2083122557,18.08118866,,
carina_1,2015ApJ...801...74G,GeringerSameth2015ApJ...801...74G,Geringer-Sameth et al.2015,GS15,1,17.91440193,0.1073783913,0.1714037382,0.1922752381,0.3567388414,18.27114077,,
carina_1,2015ApJ...801...74G,GeringerSameth2015ApJ...801...74G,Geringer-Sameth et al.2015,GS15,0,17.91440193,0.1073783913,0.1714037382,0.1922752381,0.3567388414,18.27114077,,
coma_berenices_1,2015ApJ...801...74G,GeringerSameth2015ApJ...801...74G,Geringer-Sameth et al.2015,GS15,0.01,16.85409927,0.4090995789,0.5275001526,0.8175983429,1.142801285,17.99690056,,
coma_berenices_1,2015ApJ...801...74G,GeringerSameth2015ApJ...801...74G,Geringer-Sameth et al.2015,GS15,0.1,18.48634531,0.3314503613,0.3120143568,0.6911937524,0.6199831445,19.10632846,,
coma_berenices_1,2015ApJ...801...74G,GeringerSameth2015ApJ...801...74G,Geringer-Sameth et al.2015,GS15,0.2,18.86928429,0.3641448168,0.3410914989,0.735375322,0.6882279292,19.55751222,,
coma_berenices_1,2015ApJ...801...74G,GeringerSameth2015ApJ...801...74G,Geringer-Sameth et al.2015,GS15,0.5,19.02389908,0.4066982269,0.372800827,0.7763996124,0.7600002289,19.78389931,,
coma_berenices_1,2015ApJ...801...74G,GeringerSameth2015ApJ...801...74G,Geringer-Sameth et al.2015,GS15,1,19.02389908,0.4066982269,0.372800827,0.7763996124,0.7600002289,19.78389931,,
coma_berenices_1,2015ApJ...801...74G,GeringerSameth2015ApJ...801...74G,Geringer-Sameth et al.2015,GS15,0,19.02389908,0.4066982269,0.372800827,0.7763996124,0.7600002289,19.78389931,,
canes_venatici_1,2015ApJ...801...74G,GeringerSameth2015ApJ...801...74G,Geringer-Sameth et al.2015,GS15,0.01,15.84829998,0.9687995911,1.214299202,1.402400017,2.110199928,17.95849991,,
canes_venatici_1,2015ApJ...801...74G,GeringerSameth2015ApJ...801...74G,Geringer-Sameth et al.2015,GS15,0.1,16.93528817,0.3434675897,0.6839186166,0.6013453215,1.232596127,18.1678843,,
canes_venatici_1,2015ApJ...801...74G,GeringerSameth2015ApJ...801...74G,Geringer-Sameth et al.2015,GS15,0.2,17.19664066,0.2426778776,0.4338346008,0.4339255017,0.9718602357,18.1685009,,
canes_venatici_1,2015ApJ...801...74G,GeringerSameth2015ApJ...801...74G,Geringer-Sameth et al.2015,GS15,0.5,17.42848051,0.2782862586,0.3680666908,0.4894887699,0.7576102852,18.1860908,,
canes_venatici_1,2015ApJ...801...74G,GeringerSameth2015ApJ...801...74G,Geringer-Sameth et al.2015,GS15,1,17.43619919,0.2825984955,0.3688011169,0.4970989227,0.7529010773,18.18910027,,
canes_venatici_1,2015ApJ...801...74G,GeringerSameth2015ApJ...801...74G,Geringer-Sameth et al.2015,GS15,0,17.43619919,0.2825984955,0.3688011169,0.4970989227,0.7529010773,18.18910027,,
canes_venatici_2,2015ApJ...801...74G,GeringerSameth2015ApJ...801...74G,Geringer-Sameth et al.2015,GS15,0.01,16.13069916,0.5136995316,0.5270004272,1.019699097,1.047901154,17.17860031,,
canes_venatici_2,2015ApJ...801...74G,GeringerSameth2015ApJ...801...74G,Geringer-Sameth et al.2015,GS15,0.1,17.5818647,0.4207674784,0.4438327095,0.8476108633,0.9526276842,18.53449238,,
canes_venatici_2,2015ApJ...801...74G,GeringerSameth2015ApJ...801...74G,Geringer-Sameth et al.2015,GS15,0.2,17.65060043,0.4253997803,0.4512004852,0.8474998474,0.969499588,18.62010002,,
canes_venatici_2,2015ApJ...801...74G,GeringerSameth2015ApJ...801...74G,Geringer-Sameth et al.2015,GS15,0.5,17.65060043,0.4253997803,0.4512004852,0.8474998474,0.969499588,18.62010002,,
canes_venatici_2,2015ApJ...801...74G,GeringerSameth2015ApJ...801...74G,Geringer-Sameth et al.2015,GS15,1,17.65060043,0.4253997803,0.4512004852,0.8474998474,0.969499588,18.62010002,,
canes_venatici_2,2015ApJ...801...74G,GeringerSameth2015ApJ...801...74G,Geringer-Sameth et al.2015,GS15,0,17.65060043,0.4253997803,0.4512004852,0.8474998474,0.969499588,18.62010002,,
draco_1,2015ApJ...801...74G,GeringerSameth2015ApJ...801...74G,Geringer-Sameth et al.2015,GS15,0.01,16.5468998,0.5468006134,0.7292995453,0.7614994049,1.192399979,17.73929977,,
draco_1,2015ApJ...801...74G,GeringerSameth2015ApJ...801...74G,Geringer-Sameth et al.2015,GS15,0.1,18.01336515,0.1761783605,0.2264186005,0.3073968576,0.4405563365,18.45392149,,
draco_1,2015ApJ...801...74G,GeringerSameth2015ApJ...801...74G,Geringer-Sameth et al.2015,GS15,0.2,18.41176767,0.1069784802,0.1244397893,0.2143859166,0.2703948133,18.68216248,,
draco_1,2015ApJ...801...74G,GeringerSameth2015ApJ...801...74G,Geringer-Sameth et al.2015,GS15,0.5,18.83505356,0.1252731751,0.1252895023,0.2409668547,0.2481626498,19.08321621,,
draco_1,2015ApJ...801...74G,GeringerSameth2015ApJ...801...74G,Geringer-Sameth et al.2015,GS15,1,19.02171278,0.1886430878,0.1944496991,0.3578401896,0.3942369116,19.41594969,,
draco_1,2015ApJ...801...74G,GeringerSameth2015ApJ...801...74G,Geringer-Sameth et al.2015,GS15,0,19.02171278,0.1886430878,0.1944496991,0.3578401896,0.3942369116,19.41594969,,
fornax_1,2015ApJ...801...74G,GeringerSameth2015ApJ...801...74G,Geringer-Sameth et al.2015,GS15,0.01,15.99300003,0.6302995682,0.8778991699,0.9110002518,1.413099289,17.40609932,,
fornax_1,2015ApJ...801...74G,GeringerSameth2015ApJ...801...74G,Geringer-Sameth et al.2015,GS15,0.1,17.41322196,0.2458793468,0.2978289489,0.4157899406,0.6135968724,18.02681884,,
fornax_1,2015ApJ...801...74G,GeringerSameth2015ApJ...801...74G,Geringer-Sameth et al.2015,GS15,0.2,17.6938025,0.1311557797,0.1797095734,0.2336580465,0.4177199827,18.11152249,,
fornax_1,2015ApJ...801...74G,GeringerSameth2015ApJ...801...74G,Geringer-Sameth et al.2015,GS15,0.5,17.82911212,0.05934622993,0.1165038437,0.09988428921,0.3119710328,18.14108315,,
fornax_1,2015ApJ...801...74G,GeringerSameth2015ApJ...801...74G,Geringer-Sameth et al.2015,GS15,1,17.83555688,0.05574414474,0.1142436074,0.09224316818,0.3065424966,18.14209938,,
fornax_1,2015ApJ...801...74G,GeringerSameth2015ApJ...801...74G,Geringer-Sameth et al.2015,GS15,0,17.83555688,0.05574414474,0.1142436074,0.09224316818,0.3065424966,18.14209938,,
hercules_1,2015ApJ...801...74G,GeringerSameth2015ApJ...801...74G,Geringer-Sameth et al.2015,GS15,0.01,15.51169968,1.275300026,1.52230072,2.216799736,2.642700195,18.15439987,,
hercules_1,2015ApJ...801...74G,GeringerSameth2015ApJ...801...74G,Geringer-Sameth et al.2015,GS15,0.1,16.65047312,0.8444450082,0.8405270575,1.522425832,1.65131599,18.30178911,,
hercules_1,2015ApJ...801...74G,GeringerSameth2015ApJ...801...74G,Geringer-Sameth et al.2015,GS15,0.2,16.81864354,0.7085108413,0.7492922026,1.268881828,1.508208844,18.32685238,,
hercules_1,2015ApJ...801...74G,GeringerSameth2015ApJ...801...74G,Geringer-Sameth et al.2015,GS15,0.5,16.86490059,0.6753997803,0.7379989624,1.22590065,1.484600067,18.34950066,,
hercules_1,2015ApJ...801...74G,GeringerSameth2015ApJ...801...74G,Geringer-Sameth et al.2015,GS15,1,16.86490059,0.6753997803,0.7379989624,1.22590065,1.484600067,18.34950066,,
hercules_1,2015ApJ...801...74G,GeringerSameth2015ApJ...801...74G,Geringer-Sameth et al.2015,GS15,0,16.86490059,0.6753997803,0.7379989624,1.22590065,1.484600067,18.34950066,,
leo_1,2015ApJ...801...74G,GeringerSameth2015ApJ...801...74G,Geringer-Sameth et al.2015,GS15,0.01,16.25449944,0.4756994247,0.4197006226,0.7434997559,0.664100647,16.91860008,,
leo_1,2015ApJ...801...74G,GeringerSameth2015ApJ...801...74G,Geringer-Sameth et al.2015,GS15,0.1,17.42091872,0.08377023782,0.08406831539,0.1606115359,0.1748026923,17.59572141,,
leo_1,2015ApJ...801...74G,GeringerSameth2015ApJ...801...74G,Geringer-Sameth et al.2015,GS15,0.2,17.67529498,0.09589156209,0.1177214107,0.1847664218,0.2528102766,17.92810526,,
leo_1,2015ApJ...801...74G,GeringerSameth2015ApJ...801...74G,Geringer-Sameth et al.2015,GS15,0.5,17.84149933,0.1649990082,0.2003002167,0.3017997742,0.4527015686,18.2942009,,
leo_1,2015ApJ...801...74G,GeringerSameth2015ApJ...801...74G,Geringer-Sameth et al.2015,GS15,1,17.84149933,0.1649990082,0.2003002167,0.3017997742,0.4527015686,18.2942009,,
leo_1,2015ApJ...801...74G,GeringerSameth2015ApJ...801...74G,Geringer-Sameth et al.2015,GS15,0,17.84149933,0.1649990082,0.2003002167,0.3017997742,0.4527015686,18.2942009,,
leo_2,2015ApJ...801...74G,GeringerSameth2015ApJ...801...74G,Geringer-Sameth et al.2015,GS15,0.01,17.05559921,0.5408992767,0.5678005219,0.9861984253,1.140501022,18.19610023,,
leo_2,2015ApJ...801...74G,GeringerSameth2015ApJ...801...74G,Geringer-Sameth et al.2015,GS15,0.1,17.84591634,0.1404545323,0.1908629379,0.265504976,0.5126113372,18.35852768,,
leo_2,2015ApJ...801...74G,GeringerSameth2015ApJ...801...74G,Geringer-Sameth et al.2015,GS15,0.2,17.96056779,0.1756833716,0.1961617151,0.3239143882,0.4348066382,18.39537443,,
leo_2,2015ApJ...801...74G,GeringerSameth2015ApJ...801...74G,Geringer-Sameth et al.2015,GS15,0.5,17.96899986,0.1814002991,0.200799942,0.3306999207,0.4393997192,18.40839958,,
leo_2,2015ApJ...801...74G,GeringerSameth2015ApJ...801...74G,Geringer-Sameth et al.2015,GS15,1,17.96899986,0.1814002991,0.200799942,0.3306999207,0.4393997192,18.40839958,,
leo_2,2015ApJ...801...74G,GeringerSameth2015ApJ...801...74G,Geringer-Sameth et al.2015,GS15,0,17.96899986,0.1814002991,0.200799942,0.3306999207,0.4393997192,18.40839958,,
leo_4,2015ApJ...801...74G,GeringerSameth2015ApJ...801...74G,Geringer-Sameth et al.2015,GS15,0.01,15.10560036,1.675499916,1.383298874,3.631800652,2.512300491,17.61790085,,
leo_4,2015ApJ...801...74G,GeringerSameth2015ApJ...801...74G,Geringer-Sameth et al.2015,GS15,0.1,16.23001597,1.697147187,1.064904358,3.420490784,1.877436564,18.10745254,,
leo_4,2015ApJ...801...74G,GeringerSameth2015ApJ...801...74G,Geringer-Sameth et al.2015,GS15,0.2,16.32320023,1.695000648,1.058198929,3.438700676,1.866100311,18.18930054,,
leo_4,2015ApJ...801...74G,GeringerSameth2015ApJ...801...74G,Geringer-Sameth et al.2015,GS15,0.5,16.32320023,1.695000648,1.058198929,3.438700676,1.866100311,18.18930054,,
leo_4,2015ApJ...801...74G,GeringerSameth2015ApJ...801...74G,Geringer-Sameth et al.2015,GS15,1,16.32320023,1.695000648,1.058198929,3.438700676,1.866100311,18.18930054,,
leo_4,2015ApJ...801...74G,GeringerSameth2015ApJ...801...74G,Geringer-Sameth et al.2015,GS15,0,16.32320023,1.695000648,1.058198929,3.438700676,1.866100311,18.18930054,,
leo_5,2015ApJ...801...74G,GeringerSameth2015ApJ...801...74G,Geringer-Sameth et al.2015,GS15,0.01,15.42570019,0.9387998581,1.110100746,2.006100655,2.295599937,17.72130013,,
leo_5,2015ApJ...801...74G,GeringerSameth2015ApJ...801...74G,Geringer-Sameth et al.2015,GS15,0.1,16.36980057,0.8689002991,0.9424991608,2.023300171,1.97179985,18.34160042,,
leo_5,2015ApJ...801...74G,GeringerSameth2015ApJ...801...74G,Geringer-Sameth et al.2015,GS15,0.2,16.36980057,0.8689002991,0.9424991608,2.023300171,1.97179985,18.34160042,,
leo_5,2015ApJ...801...74G,GeringerSameth2015ApJ...801...74G,Geringer-Sameth et al.2015,GS15,0.5,16.36980057,0.8689002991,0.9424991608,2.023300171,1.97179985,18.34160042,,
leo_5,2015ApJ...801...74G,GeringerSameth2015ApJ...801...74G,Geringer-Sameth et al.2015,GS15,1,16.36980057,0.8689002991,0.9424991608,2.023300171,1.97179985,18.34160042,,
leo_5,2015ApJ...801...74G,GeringerSameth2015ApJ...801...74G,Geringer-Sameth et al.2015,GS15,0,16.36980057,0.8689002991,0.9424991608,2.023300171,1.97179985,18.34160042,,
leo_t,2015ApJ...801...74G,GeringerSameth2015ApJ...801...74G,Geringer-Sameth et al.2015,GS15,0.01,16.21479988,0.5643997192,0.710100174,1.06799984,1.518600464,17.73340034,,
leo_t,2015ApJ...801...74G,GeringerSameth2015ApJ...801...74G,Geringer-Sameth et al.2015,GS15,0.1,17.11000061,0.3858013153,0.4349994659,0.7396011353,0.9413986206,18.05139923,,
leo_t,2015ApJ...801...74G,GeringerSameth2015ApJ...801...74G,Geringer-Sameth et al.2015,GS15,0.2,17.11000061,0.3858013153,0.4349994659,0.7396011353,0.9413986206,18.05139923,,
leo_t,2015ApJ...801...74G,GeringerSameth2015ApJ...801...74G,Geringer-Sameth et al.2015,GS15,0.5,17.11000061,0.3858013153,0.4349994659,0.7396011353,0.9413986206,18.05139923,,
leo_t,2015ApJ...801...74G,GeringerSameth2015ApJ...801...74G,Geringer-Sameth et al.2015,GS15,1,17.11000061,0.3858013153,0.4349994659,0.7396011353,0.9413986206,18.05139923,,
leo_t,2015ApJ...801...74G,GeringerSameth2015ApJ...801...74G,Geringer-Sameth et al.2015,GS15,0,17.11000061,0.3858013153,0.4349994659,0.7396011353,0.9413986206,18.05139923,,
sculptor_1,2015ApJ...801...74G,GeringerSameth2015ApJ...801...74G,Geringer-Sameth et al.2015,GS15,0.01,16.9041996,0.7346000671,0.6450996399,1.069399834,0.992099762,17.89629936,,
sculptor_1,2015ApJ...801...74G,GeringerSameth2015ApJ...801...74G,Geringer-Sameth et al.2015,GS15,0.1,18.08721737,0.2026781024,0.2066317513,0.35516416,0.3951585964,18.48237596,,
sculptor_1,2015ApJ...801...74G,GeringerSameth2015ApJ...801...74G,Geringer-Sameth et al.2015,GS15,0.2,18.34624047,0.09108644314,0.1163256391,0.1607495581,0.2470424824,18.59328296,,
sculptor_1,2015ApJ...801...74G,GeringerSameth2015ApJ...801...74G,Geringer-Sameth et al.2015,GS15,0.5,18.54103095,0.04848328332,0.05763357679,0.09194975439,0.1358880333,18.67691899,,
sculptor_1,2015ApJ...801...74G,GeringerSameth2015ApJ...801...74G,Geringer-Sameth et al.2015,GS15,1,18.57169278,0.05317015691,0.06284024078,0.09942612223,0.1437628529,18.71545563,,
sculptor_1,2015ApJ...801...74G,GeringerSameth2015ApJ...801...74G,Geringer-Sameth et al.2015,GS15,0,18.57169278,0.05317015691,0.06284024078,0.09942612223,0.1437628529,18.71545563,,
segue_1,2015ApJ...801...74G,GeringerSameth2015ApJ...801...74G,Geringer-Sameth et al.2015,GS15,0.01,17.67169952,0.6488990784,0.6739997864,1.215499878,1.358699799,19.03039932,,
segue_1,2015ApJ...801...74G,GeringerSameth2015ApJ...801...74G,Geringer-Sameth et al.2015,GS15,0.1,18.93523561,0.3660700248,0.342529053,0.7833629936,0.681488582,19.61672419,,
segue_1,2015ApJ...801...74G,GeringerSameth2015ApJ...801...74G,Geringer-Sameth et al.2015,GS15,0.2,19.21824767,0.3395692781,0.3139625218,0.7309912345,0.6150534929,19.83330116,,
segue_1,2015ApJ...801...74G,GeringerSameth2015ApJ...801...74G,Geringer-Sameth et al.2015,GS15,0.5,19.35549927,0.3514995575,0.3210010529,0.742099762,0.6564006805,20.01189995,,
segue_1,2015ApJ...801...74G,GeringerSameth2015ApJ...801...74G,Geringer-Sameth et al.2015,GS15,1,19.35549927,0.3514995575,0.3210010529,0.742099762,0.6564006805,20.01189995,,
segue_1,2015ApJ...801...74G,GeringerSameth2015ApJ...801...74G,Geringer-Sameth et al.2015,GS15,0,19.35549927,0.3514995575,0.3210010529,0.742099762,0.6564006805,20.01189995,,
segue_2,2015ApJ...801...74G,GeringerSameth2015ApJ...801...74G,Geringer-Sameth et al.2015,GS15,0.01,15.02880001,1.148599625,1.34030056,1.83619976,2.991200447,18.02000046,,
segue_2,2015ApJ...801...74G,GeringerSameth2015ApJ...801...74G,Geringer-Sameth et al.2015,GS15,0.1,16.03275869,0.9503758247,1.108166706,1.538697641,2.073942205,18.1067009,,
segue_2,2015ApJ...801...74G,GeringerSameth2015ApJ...801...74G,Geringer-Sameth et al.2015,GS15,0.2,16.2080309,0.9789538137,1.060923094,1.500484732,1.931768216,18.13979912,,
segue_2,2015ApJ...801...74G,GeringerSameth2015ApJ...801...74G,Geringer-Sameth et al.2015,GS15,0.5,16.20840073,0.9792003632,1.060798645,1.500300407,1.931398392,18.13979912,,
segue_2,2015ApJ...801...74G,GeringerSameth2015ApJ...801...74G,Geringer-Sameth et al.2015,GS15,1,16.20840073,0.9792003632,1.060798645,1.500300407,1.931398392,18.13979912,,
segue_2,2015ApJ...801...74G,GeringerSameth2015ApJ...801...74G,Geringer-Sameth et al.2015,GS15,0,16.20840073,0.9792003632,1.060798645,1.500300407,1.931398392,18.13979912,,
sextans_1,2015ApJ...801...74G,GeringerSameth2015ApJ...801...74G,Geringer-Sameth et al.2015,GS15,0.01,15.17980003,0.8631000519,1.215299606,1.191200256,2.744800568,17.9246006,,
sextans_1,2015ApJ...801...74G,GeringerSameth2015ApJ...801...74G,Geringer-Sameth et al.2015,GS15,0.1,16.64495925,0.4324179749,0.7200931282,0.6956434766,1.981112725,18.62607197,,
sextans_1,2015ApJ...801...74G,GeringerSameth2015ApJ...801...74G,Geringer-Sameth et al.2015,GS15,0.2,17.04508288,0.3012876754,0.5385283664,0.5343277777,1.599624752,18.64470763,,
sextans_1,2015ApJ...801...74G,GeringerSameth2015ApJ...801...74G,Geringer-Sameth et al.2015,GS15,0.5,17.52082651,0.17913923,0.2796405287,0.3493582889,1.12577421,18.64660072,,
sextans_1,2015ApJ...801...74G,GeringerSameth2015ApJ...801...74G,Geringer-Sameth et al.2015,GS15,1,17.7961683,0.2198864484,0.2768482594,0.387565603,0.8530276025,18.6491959,,
sextans_1,2015ApJ...801...74G,GeringerSameth2015ApJ...801...74G,Geringer-Sameth et al.2015,GS15,0,17.7961683,0.2198864484,0.2768482594,0.387565603,0.8530276025,18.6491959,,
ursa_major_1,2015ApJ...801...74G,GeringerSameth2015ApJ...801...74G,Geringer-Sameth et al.2015,GS15,0.01,16.18779945,1.085399628,1.353200912,1.664599419,2.496200562,18.68400002,,
ursa_major_1,2015ApJ...801...74G,GeringerSameth2015ApJ...801...74G,Geringer-Sameth et al.2015,GS15,0.1,17.3758617,0.5408328061,0.9313932385,0.9596464843,1.638832909,19.01469461,,
ursa_major_1,2015ApJ...801...74G,GeringerSameth2015ApJ...801...74G,Geringer-Sameth et al.2015,GS15,0.2,17.66017088,0.4084105148,0.6995735967,0.7489902605,1.357621082,19.01779196,,
ursa_major_1,2015ApJ...801...74G,GeringerSameth2015ApJ...801...74G,Geringer-Sameth et al.2015,GS15,0.5,17.87269974,0.3337993622,0.5552005768,0.5946998596,1.161899567,19.0345993,,
ursa_major_1,2015ApJ...801...74G,GeringerSameth2015ApJ...801...74G,Geringer-Sameth et al.2015,GS15,1,17.87269974,0.3337993622,0.5552005768,0.5946998596,1.161899567,19.0345993,,
ursa_major_1,2015ApJ...801...74G,GeringerSameth2015ApJ...801...74G,Geringer-Sameth et al.2015,GS15,0,17.87269974,0.3337993622,0.5552005768,0.5946998596,1.161899567,19.0345993,,
ursa_major_2,2015ApJ...801...74G,GeringerSameth2015ApJ...801...74G,Geringer-Sameth et al.2015,GS15,0.01,17.13260078,0.6996002197,0.9120998383,1.327500343,1.808099747,18.94070053,,
ursa_major_2,2015ApJ...801...74G,GeringerSameth2015ApJ...801...74G,Geringer-Sameth et al.2015,GS15,0.1,18.68067146,0.4763335133,0.4832863346,1.018665508,1.028374694,19.70904615,,
ursa_major_2,2015ApJ...801...74G,GeringerSameth2015ApJ...801...74G,Geringer-Sameth et al.2015,GS15,0.2,19.06430695,0.431385788,0.4288012851,0.9049942375,0.8747944112,19.93910136,,
ursa_major_2,2015ApJ...801...74G,GeringerSameth2015ApJ...801...74G,Geringer-Sameth et al.2015,GS15,0.5,19.41559254,0.4173381458,0.4358994437,0.8408968489,0.8755690567,20.2911616,,
ursa_major_2,2015ApJ...801...74G,GeringerSameth2015ApJ...801...74G,Geringer-Sameth et al.2015,GS15,1,19.42410088,0.4174003601,0.4373989105,0.8403015137,0.8791999817,20.30330086,,
ursa_major_2,2015ApJ...801...74G,GeringerSameth2015ApJ...801...74G,Geringer-Sameth et al.2015,GS15,0,19.42410088,0.4174003601,0.4373989105,0.8403015137,0.8791999817,20.30330086,,
ursa_minor_1,2015ApJ...801...74G,GeringerSameth2015ApJ...801...74G,Geringer-Sameth et al.2015,GS15,0.01,17.71710014,0.7648010254,0.73279953,1.506500244,1.324699402,19.04179955,,
ursa_minor_1,2015ApJ...801...74G,GeringerSameth2015ApJ...801...74G,Geringer-Sameth et al.2015,GS15,0.1,18.76986078,0.4266918389,0.3758050273,0.7906252845,0.6925440351,19.46240482,,
ursa_minor_1,2015ApJ...801...74G,GeringerSameth2015ApJ...801...74G,Geringer-Sameth et al.2015,GS15,0.2,18.89542959,0.2954796278,0.298661729,0.5193603742,0.5865081877,19.48193778,,
ursa_minor_1,2015ApJ...801...74G,GeringerSameth2015ApJ...801...74G,Geringer-Sameth et al.2015,GS15,0.5,18.93297889,0.1895015501,0.269259047,0.3032224745,0.5526206275,19.48559952,,
ursa_minor_1,2015ApJ...801...74G,GeringerSameth2015ApJ...801...74G,Geringer-Sameth et al.2015,GS15,1,18.94384978,0.1786972651,0.2591767226,0.2935967739,0.5418508321,19.48570061,,
ursa_minor_1,2015ApJ...801...74G,GeringerSameth2015ApJ...801...74G,Geringer-Sameth et al.2015,GS15,0,18.94384978,0.1786972651,0.2591767226,0.2935967739,0.5418508321,19.48570061,,
draco_2,2019MNRAS.482.3480P,Pace2019MNRAS.482.3480P,Pace & Strigari 2019,PS19,0.1,16.63104071,4.207834375,2.782871615,7.640145041,4.090874233,20.34247957,1,
draco_2,2019MNRAS.482.3480P,Pace2019MNRAS.482.3480P,Pace & Strigari 2019,PS19,0.2,16.7918976,4.227669068,2.788412856,7.774212537,4.129867823,20.52565958,1,
draco_2,2019MNRAS.482.3480P,Pace2019MNRAS.482.3480P,Pace & Strigari 2019,PS19,0.5,16.98171834,4.273599009,2.78196559,7.961531235,4.167708213,20.71234917,1,
draco_2,2019MNRAS.482.3480P,Pace2019MNRAS.482.3480P,Pace & Strigari 2019,PS19,0.071,16.55048151,4.212825554,2.766069313,7.59748844,4.099047664,20.25265454,1,
grus_1,2019MNRAS.482.3480P,Pace2019MNRAS.482.3480P,Pace & Strigari 2019,PS19,0.1,15.28328367,3.461552073,2.437393761,6.3215341,4.018011342,18.7691904,0,
grus_1,2019MNRAS.482.3480P,Pace2019MNRAS.482.3480P,Pace & Strigari 2019,PS19,0.2,15.37292881,3.478490308,2.442288025,6.400654321,4.039629885,18.89433144,0,
grus_1,2019MNRAS.482.3480P,Pace2019MNRAS.482.3480P,Pace & Strigari 2019,PS19,0.5,15.47417502,3.538519748,2.408391805,6.497951672,4.055961252,18.98943214,0,
grus_1,2019MNRAS.482.3480P,Pace2019MNRAS.482.3480P,Pace & Strigari 2019,PS19,0.05,15.1162902,3.420393822,2.44860947,6.19314431,4.052407029,18.59723418,0,
hydra_2,2019MNRAS.482.3480P,Pace2019MNRAS.482.3480P,Pace & Strigari 2019,PS19,0.1,13.03686212,2.260626936,2.083832561,4.219555763,3.721238944,16.23258165,1,
hydra_2,2019MNRAS.482.3480P,Pace2019MNRAS.482.3480P,Pace & Strigari 2019,PS19,0.2,13.15687003,2.343684737,2.070609171,4.322071393,3.761403969,16.35582932,1,
hydra_2,2019MNRAS.482.3480P,Pace2019MNRAS.482.3480P,Pace & Strigari 2019,PS19,0.5,13.20558407,2.383647269,2.081668534,4.366880099,3.760195786,16.41476453,1,
hydra_2,2019MNRAS.482.3480P,Pace2019MNRAS.482.3480P,Pace & Strigari 2019,PS19,0.054,12.92050757,2.206580552,2.059967187,4.147475661,3.6880022,16.10772333,1,
leo_4,2019MNRAS.482.3480P,Pace2019MNRAS.482.3480P,Pace & Strigari 2019,PS19,0.1,15.19567986,3.182491701,1.699480832,5.793222252,2.771791415,17.620461,1,
leo_4,2019MNRAS.482.3480P,Pace2019MNRAS.482.3480P,Pace & Strigari 2019,PS19,0.2,15.31679653,3.230080401,1.683191443,5.906001816,2.74093113,17.71102634,1,
leo_4,2019MNRAS.482.3480P,Pace2019MNRAS.482.3480P,Pace & Strigari 2019,PS19,0.5,15.3779986,3.256272473,1.683244461,5.961459017,2.717026614,17.77575362,1,
leo_4,2019MNRAS.482.3480P,Pace2019MNRAS.482.3480P,Pace & Strigari 2019,PS19,0.083,15.15141403,3.17777694,1.704911144,5.756626131,2.772054382,17.59112336,1,
leo_5,2019MNRAS.482.3480P,Pace2019MNRAS.482.3480P,Pace & Strigari 2019,PS19,0.1,17.39139987,1.679027562,0.96703101,7.271441564,1.940345461,18.98940631,1,
leo_5,2019MNRAS.482.3480P,Pace2019MNRAS.482.3480P,Pace & Strigari 2019,PS19,0.2,17.47283378,1.693948677,0.9829609272,7.332480915,1.940384903,19.07073766,1,
leo_5,2019MNRAS.482.3480P,Pace2019MNRAS.482.3480P,Pace & Strigari 2019,PS19,0.5,17.50036996,1.690256742,0.983815075,7.355905995,1.946639597,19.11151458,1,
leo_5,2019MNRAS.482.3480P,Pace2019MNRAS.482.3480P,Pace & Strigari 2019,PS19,0.02,17.04655314,1.667691637,1.026471435,7.081349841,2.055115111,18.71785897,1,
pegasus_3,2019MNRAS.482.3480P,Pace2019MNRAS.482.3480P,Pace & Strigari 2019,PS19,0.1,18.04913322,1.867035295,0.9441035074,7.813530758,1.865930455,19.60397014,1,
pegasus_3,2019MNRAS.482.3480P,Pace2019MNRAS.482.3480P,Pace & Strigari 2019,PS19,0.2,18.11784058,1.875742763,0.9704951076,7.879794757,1.895472657,19.70458103,1,
pegasus_3,2019MNRAS.482.3480P,Pace2019MNRAS.482.3480P,Pace & Strigari 2019,PS19,0.5,18.13174995,1.868972587,0.9816926298,7.893613904,1.90718602,19.72941154,1,
pegasus_3,2019MNRAS.482.3480P,Pace2019MNRAS.482.3480P,Pace & Strigari 2019,PS19,0.02,17.71422518,1.853588452,0.9551232109,7.682523939,1.886906744,19.26290188,1,
pisces_2,2019MNRAS.482.3480P,Pace2019MNRAS.482.3480P,Pace & Strigari 2019,PS19,0.1,17.09460611,1.409120796,1.049380787,6.015174816,2.025035387,18.76903621,1,
pisces_2,2019MNRAS.482.3480P,Pace2019MNRAS.482.3480P,Pace & Strigari 2019,PS19,0.2,17.17862988,1.40588949,1.050892185,6.050337674,2.019241984,18.84140279,1,
pisces_2,2019MNRAS.482.3480P,Pace2019MNRAS.482.3480P,Pace & Strigari 2019,PS19,0.5,17.20478779,1.407670723,1.054204743,6.056489839,2.038015792,18.88612317,1,
pisces_2,2019MNRAS.482.3480P,Pace2019MNRAS.482.3480P,Pace & Strigari 2019,PS19,0.03,16.86277675,1.426918641,1.07277697,5.898884022,2.074889009,18.59054359,1,
segue_2,2019MNRAS.482.3480P,Pace2019MNRAS.482.3480P,Pace & Strigari 2019,PS19,0.1,13.75303254,2.553582881,2.148641427,4.703885328,3.541998947,16.84342663,1,
segue_2,2019MNRAS.482.3480P,Pace2019MNRAS.482.3480P,Pace & Strigari 2019,PS19,0.2,13.90972632,2.597876603,2.184282601,4.826456282,3.537435307,17.01268515,1,
segue_2,2019MNRAS.482.3480P,Pace2019MNRAS.482.3480P,Pace & Strigari 2019,PS19,0.5,14.09768039,2.738397218,2.138060432,5.000488582,3.557655429,17.20555248,1,
segue_2,2019MNRAS.482.3480P,Pace2019MNRAS.482.3480P,Pace & Strigari 2019,PS19,0.103,13.76365275,2.556912068,2.148120385,4.711056565,3.537189246,16.84710339,1,
triangulum_2,2019MNRAS.482.3480P,Pace2019MNRAS.482.3480P,Pace & Strigari 2019,PS19,0.1,14.25428151,2.804026752,2.576529182,5.212901737,4.290277449,18.01660815,1,
triangulum_2,2019MNRAS.482.3480P,Pace2019MNRAS.482.3480P,Pace & Strigari 2019,PS19,0.2,14.45786829,2.895282656,2.553098287,5.400500109,4.269408762,18.21353301,1,
triangulum_2,2019MNRAS.482.3480P,Pace2019MNRAS.482.3480P,Pace & Strigari 2019,PS19,0.5,14.65372535,3.02707933,2.543060754,5.586404939,4.300876984,18.44459902,1,
triangulum_2,2019MNRAS.482.3480P,Pace2019MNRAS.482.3480P,Pace & Strigari 2019,PS19,0.109,14.2773464,2.814799937,2.578305425,5.2337287,4.297910516,18.03939331,1,
tucana_3,2019MNRAS.482.3480P,Pace2019MNRAS.482.3480P,Pace & Strigari 2019,PS19,0.1,13.77549485,2.283310657,1.812849926,4.160059495,3.059336888,16.43889749,1,
tucana_3,2019MNRAS.482.3480P,Pace2019MNRAS.482.3480P,Pace & Strigari 2019,PS19,0.2,13.95867498,2.318637031,1.821888883,4.268764606,3.075769972,16.61585741,1,
tucana_3,2019MNRAS.482.3480P,Pace2019MNRAS.482.3480P,Pace & Strigari 2019,PS19,0.5,14.16837459,2.434718141,1.809788369,4.451790664,3.047734822,16.85816561,1,
tucana_3,2019MNRAS.482.3480P,Pace2019MNRAS.482.3480P,Pace & Strigari 2019,PS19,0.199,13.95719586,2.317518789,1.821909589,4.26754865,3.076731927,16.61573725,1,
carina_1,2016MNRAS.461.2914H,Hayashi2016MNRAS.461.2914H,Hayashi et al. 2016,,0.5,17.99,0.28,0.47,,,,,
fornax_1,2016MNRAS.461.2914H,Hayashi2016MNRAS.461.2914H,Hayashi et al. 2016,,0.5,17.9,0.16,0.28,,,,,
sculptor_1,2016MNRAS.461.2914H,Hayashi2016MNRAS.461.2914H,Hayashi et al. 2016,,0.5,18.42,0.17,0.35,,,,,
sextans_1,2016MNRAS.461.2914H,Hayashi2016MNRAS.461.2914H,Hayashi et al. 2016,,0.5,17.71,0.21,0.39,,,,,
draco_1,2016MNRAS.461.2914H,Hayashi2016MNRAS.461.2914H,Hayashi et al. 2016,,0.5,19.09,0.36,0.39,,,,,
leo_1,2016MNRAS.461.2914H,Hayashi2016MNRAS.461.2914H,Hayashi et al. 2016,,0.5,17.45,0.23,0.43,,,,,
leo_2,2016MNRAS.461.2914H,Hayashi2016MNRAS.461.2914H,Hayashi et al. 2016,,0.5,17.51,0.28,0.34,,,,,
segue_1,2016MNRAS.461.2914H,Hayashi2016MNRAS.461.2914H,Hayashi et al. 2016,,0.5,17.95,0.98,0.9,,,,,
segue_2,2016MNRAS.461.2914H,Hayashi2016MNRAS.461.2914H,Hayashi et al. 2016,,0.5,13.09,2.62,1.85,,,,,
bootes_1,2016MNRAS.461.2914H,Hayashi2016MNRAS.461.2914H,Hayashi et al. 2016,,0.5,16.95,0.4,0.53,,,,,
hercules_1,2016MNRAS.461.2914H,Hayashi2016MNRAS.461.2914H,Hayashi et al. 2016,,0.5,16.28,0.57,0.66,,,,,
coma_berenices_1,2016MNRAS.461.2914H,Hayashi2016MNRAS.461.2914H,Hayashi et al. 2016,,0.5,18.52,0.74,0.94,,,,,
canes_venatici_1,2016MNRAS.461.2914H,Hayashi2016MNRAS.461.2914H,Hayashi et al. 2016,,0.5,16.92,0.26,0.43,,,,,
canes_venatici_2,2016MNRAS.461.2914H,Hayashi2016MNRAS.461.2914H,Hayashi et al. 2016,,0.5,17.23,0.68,0.84,,,,,
leo_4,2016MNRAS.461.2914H,Hayashi2016MNRAS.461.2914H,Hayashi et al. 2016,,0.5,15.31,2.9,1.58,,,,,
leo_5,2016MNRAS.461.2914H,Hayashi2016MNRAS.461.2914H,Hayashi et al. 2016,,0.5,16.24,1.36,1.26,,,,,
leo_t,2016MNRAS.461.2914H,Hayashi2016MNRAS.461.2914H,Hayashi et al. 2016,,0.5,16.75,0.53,0.61,,,,,
ursa_major_1,2016MNRAS.461.2914H,Hayashi2016MNRAS.461.2914H,Hayashi et al. 2016,,0.5,17.48,0.3,0.42,,,,,
ursa_major_2,2016MNRAS.461.2914H,Hayashi2016MNRAS.461.2914H,Hayashi et al. 2016,,0.5,19.56,1.25,1.19,,,,,
reticulum_2,2016MNRAS.461.2914H,Hayashi2016MNRAS.461.2914H,Hayashi et al. 2016,,0.5,17.76,0.9,0.93,,,,,
draco_2,2016MNRAS.461.2914H,Hayashi2016MNRAS.461.2914H,Hayashi et al. 2016,,0.5,15.54,4.07,3.1,,,,,
triangulum_2,2016MNRAS.461.2914H,Hayashi2016MNRAS.461.2914H,Hayashi et al. 2016,,0.5,20.44,1.17,1.2,,,,,
pisces_2,2016MNRAS.461.2914H,Hayashi2016MNRAS.461.2914H,Hayashi et al. 2016,,0.5,15.94,1.28,1.25,,,,,
reticulum_2,2015ApJ...808L..36B,Bonnivard2015ApJ...808L..36B,Bonnivard et al. 2015,,0.01,17.1,0.5,0.5,0.9,1.1,,,
reticulum_2,2015ApJ...808L..36B,Bonnivard2015ApJ...808L..36B,Bonnivard et al. 2015,,0.05,18.3,0.4,0.5,0.8,1.1,,,
reticulum_2,2015ApJ...808L..36B,Bonnivard2015ApJ...808L..36B,Bonnivard et al. 2015,,0.1,18.8,0.5,0.6,0.8,1.2,,,
reticulum_2,2015ApJ...808L..36B,Bonnivard2015ApJ...808L..36B,Bonnivard et al. 2015,,0.5,19.6,0.7,1,1.3,1.7,,,
reticulum_2,2015ApJ...808L..36B,Bonnivard2015ApJ...808L..36B,Bonnivard et al. 2015,,1,19.8,0.9,1.2,1.4,2,,,
eridanus_4,2024ApJ...961..234H,Heiger2024ApJ...961..234H,,PS19,0.01,17.72681802,0.4221548022,0.4895001773,0.7957751586,1.04889533,18.58809346,1,
eridanus_4,2024ApJ...961..234H,Heiger2024ApJ...961..234H,,PS19,0.1,18.52826353,0.3594743775,0.375698009,0.7070188801,0.7795512979,19.1641078,1,
eridanus_4,2024ApJ...961..234H,Heiger2024ApJ...961..234H,,PS19,0.15,18.62576635,0.3513311524,0.3649966765,0.6912996057,0.753837716,19.23684191,1,
eridanus_4,2024ApJ...961..234H,Heiger2024ApJ...961..234H,,PS19,0.2,18.68290323,0.3494505649,0.3656499626,0.685182995,0.7577538328,19.29589565,1,
eridanus_4,2024ApJ...961..234H,Heiger2024ApJ...961..234H,,PS19,0.3,18.75621097,0.3539650342,0.3714956962,0.7033159243,0.7650317903,19.37065991,1,
eridanus_4,2024ApJ...961..234H,Heiger2024ApJ...961..234H,,PS19,0.5,18.82853757,0.3710757836,0.3948177517,0.7311728686,0.786123661,19.47467205,1,
eridanus_4,2024ApJ...961..234H,Heiger2024ApJ...961..234H,,PS19,1,18.89798873,0.4023464333,0.4308599665,0.7721131699,0.8385004384,19.60509628,1,
centaurus_1,2024ApJ...961..234H,Heiger2024ApJ...961..234H,,PS19,0.01,16.94932431,0.3790464106,0.4164023637,0.7173512315,0.8537537606,17.64191307,1,
centaurus_1,2024ApJ...961..234H,Heiger2024ApJ...961..234H,,PS19,0.1,17.56594363,0.2679329068,0.293117967,0.5354326552,0.6063158298,18.05544439,1,
centaurus_1,2024ApJ...961..234H,Heiger2024ApJ...961..234H,,PS19,0.15,17.62775323,0.270469999,0.2956044448,0.5282318671,0.6063166883,18.11397132,1,
centaurus_1,2024ApJ...961..234H,Heiger2024ApJ...961..234H,,PS19,0.2,17.66318362,0.2781839625,0.3030862912,0.5345998725,0.6165946909,18.16488303,1,
centaurus_1,2024ApJ...961..234H,Heiger2024ApJ...961..234H,,PS19,0.3,17.69830172,0.2864029547,0.3224233524,0.5462271728,0.6594450578,18.23725345,1,
centaurus_1,2024ApJ...961..234H,Heiger2024ApJ...961..234H,,PS19,0.5,17.73186555,0.3031159899,0.3571486826,0.5661578356,0.7313252656,18.32581022,1,
centaurus_1,2024ApJ...961..234H,Heiger2024ApJ...961..234H,,PS19,1,17.75166166,0.3139568637,0.4062104353,0.5826127609,0.8189087935,18.42648815,1,